Hit;Tool;ShapesLanguage;Size;ElapsedTime_ms
1;sheXer;ShEx;1000;1265
2;sheXer;ShEx;1000;806
3;sheXer;ShEx;1000;842
4;sheXer;ShEx;1000;750
5;sheXer;ShEx;1000;771
6;sheXer;ShEx;1000;714
7;sheXer;ShEx;1000;792
8;sheXer;ShEx;1000;800
9;sheXer;ShEx;1000;797
10;sheXer;ShEx;1000;817
11;sheXer;ShEx;1000;731
12;sheXer;ShEx;1000;768
13;sheXer;ShEx;1000;740
14;sheXer;ShEx;1000;768
15;sheXer;ShEx;1000;744
16;sheXer;ShEx;1000;784
17;sheXer;ShEx;1000;838
18;sheXer;ShEx;1000;775
19;sheXer;ShEx;1000;773
20;sheXer;ShEx;1000;832
21;sheXer;ShEx;1000;665
22;sheXer;ShEx;1000;758
23;sheXer;ShEx;1000;731
24;sheXer;ShEx;1000;763
25;sheXer;ShEx;1000;717
26;sheXer;ShEx;1000;709
27;sheXer;ShEx;1000;734
28;sheXer;ShEx;1000;658
29;sheXer;ShEx;1000;767
30;sheXer;ShEx;1000;690
1;sheXer;SHACL;1000;702
2;sheXer;SHACL;1000;638
3;sheXer;SHACL;1000;694
4;sheXer;SHACL;1000;697
5;sheXer;SHACL;1000;866
6;sheXer;SHACL;1000;873
7;sheXer;SHACL;1000;754
8;sheXer;SHACL;1000;752
9;sheXer;SHACL;1000;753
10;sheXer;SHACL;1000;740
11;sheXer;SHACL;1000;650
12;sheXer;SHACL;1000;688
13;sheXer;SHACL;1000;700
14;sheXer;SHACL;1000;713
15;sheXer;SHACL;1000;679
16;sheXer;SHACL;1000;704
17;sheXer;SHACL;1000;741
18;sheXer;SHACL;1000;631
19;sheXer;SHACL;1000;656
20;sheXer;SHACL;1000;683
21;sheXer;SHACL;1000;757
22;sheXer;SHACL;1000;719
23;sheXer;SHACL;1000;643
24;sheXer;SHACL;1000;739
25;sheXer;SHACL;1000;642
26;sheXer;SHACL;1000;670
27;sheXer;SHACL;1000;730
28;sheXer;SHACL;1000;628
29;sheXer;SHACL;1000;689
30;sheXer;SHACL;1000;695
1;sheXer;ShEx;10000;4595
2;sheXer;ShEx;10000;4667
3;sheXer;ShEx;10000;4719
4;sheXer;ShEx;10000;4765
5;sheXer;ShEx;10000;4831
6;sheXer;ShEx;10000;4780
7;sheXer;ShEx;10000;4876
8;sheXer;ShEx;10000;4856
9;sheXer;ShEx;10000;4814
10;sheXer;ShEx;10000;4639
11;sheXer;ShEx;10000;4773
12;sheXer;ShEx;10000;4787
13;sheXer;ShEx;10000;4820
14;sheXer;ShEx;10000;4785
15;sheXer;ShEx;10000;4942
16;sheXer;ShEx;10000;5917
17;sheXer;ShEx;10000;5593
18;sheXer;ShEx;10000;5203
19;sheXer;ShEx;10000;5237
20;sheXer;ShEx;10000;5027
21;sheXer;ShEx;10000;5186
22;sheXer;ShEx;10000;5168
23;sheXer;ShEx;10000;5099
24;sheXer;ShEx;10000;5232
25;sheXer;ShEx;10000;5118
26;sheXer;ShEx;10000;4913
27;sheXer;ShEx;10000;4802
28;sheXer;ShEx;10000;4818
29;sheXer;ShEx;10000;4866
30;sheXer;ShEx;10000;4901
1;sheXer;SHACL;10000;5016
2;sheXer;SHACL;10000;4952
3;sheXer;SHACL;10000;4841
4;sheXer;SHACL;10000;4843
5;sheXer;SHACL;10000;4676
6;sheXer;SHACL;10000;4940
7;sheXer;SHACL;10000;4762
8;sheXer;SHACL;10000;4676
9;sheXer;SHACL;10000;4837
10;sheXer;SHACL;10000;5007
11;sheXer;SHACL;10000;4712
12;sheXer;SHACL;10000;5332
13;sheXer;SHACL;10000;5044
14;sheXer;SHACL;10000;4762
15;sheXer;SHACL;10000;4742
16;sheXer;SHACL;10000;4979
17;sheXer;SHACL;10000;4820
18;sheXer;SHACL;10000;4850
19;sheXer;SHACL;10000;4557
20;sheXer;SHACL;10000;4849
21;sheXer;SHACL;10000;4608
22;sheXer;SHACL;10000;4650
23;sheXer;SHACL;10000;4732
24;sheXer;SHACL;10000;4692
25;sheXer;SHACL;10000;4806
26;sheXer;SHACL;10000;4875
27;sheXer;SHACL;10000;4795
28;sheXer;SHACL;10000;4978
29;sheXer;SHACL;10000;4807
30;sheXer;SHACL;10000;4827
1;sheXer;ShEx;100000;47630
2;sheXer;ShEx;100000;48020
3;sheXer;ShEx;100000;46941
4;sheXer;ShEx;100000;47665
5;sheXer;ShEx;100000;47083
6;sheXer;ShEx;100000;47072
7;sheXer;ShEx;100000;47255
8;sheXer;ShEx;100000;47417
9;sheXer;ShEx;100000;47424
10;sheXer;ShEx;100000;47775
11;sheXer;ShEx;100000;48181
12;sheXer;ShEx;100000;47598
13;sheXer;ShEx;100000;48131
14;sheXer;ShEx;100000;46957
15;sheXer;ShEx;100000;47584
16;sheXer;ShEx;100000;47728
17;sheXer;ShEx;100000;48015
18;sheXer;ShEx;100000;47923
19;sheXer;ShEx;100000;47696
20;sheXer;ShEx;100000;47299
21;sheXer;ShEx;100000;46743
22;sheXer;ShEx;100000;47153
23;sheXer;ShEx;100000;47343
24;sheXer;ShEx;100000;47388
25;sheXer;ShEx;100000;47182
26;sheXer;ShEx;100000;47570
27;sheXer;ShEx;100000;47574
28;sheXer;ShEx;100000;47465
29;sheXer;ShEx;100000;47638
30;sheXer;ShEx;100000;47482
1;sheXer;SHACL;100000;46802
2;sheXer;SHACL;100000;46911
3;sheXer;SHACL;100000;47764
4;sheXer;SHACL;100000;47191
5;sheXer;SHACL;100000;47914
6;sheXer;SHACL;100000;47980
7;sheXer;SHACL;100000;46689
8;sheXer;SHACL;100000;47374
9;sheXer;SHACL;100000;48011
10;sheXer;SHACL;100000;47434
11;sheXer;SHACL;100000;47744
12;sheXer;SHACL;100000;48328
13;sheXer;SHACL;100000;47962
14;sheXer;SHACL;100000;46523
15;sheXer;SHACL;100000;47595
16;sheXer;SHACL;100000;47479
17;sheXer;SHACL;100000;47538
18;sheXer;SHACL;100000;47727
19;sheXer;SHACL;100000;47653
20;sheXer;SHACL;100000;47951
21;sheXer;SHACL;100000;47753
22;sheXer;SHACL;100000;47778
23;sheXer;SHACL;100000;47642
24;sheXer;SHACL;100000;47180
25;sheXer;SHACL;100000;47627
26;sheXer;SHACL;100000;47829
27;sheXer;SHACL;100000;47782
28;sheXer;SHACL;100000;47393
29;sheXer;SHACL;100000;47551
30;sheXer;SHACL;100000;47820
1;sheXer;ShEx;1000000;180140
2;sheXer;ShEx;1000000;180155
3;sheXer;ShEx;1000000;180159
4;sheXer;ShEx;1000000;180139
5;sheXer;ShEx;1000000;180135
6;sheXer;ShEx;1000000;180153
7;sheXer;ShEx;1000000;180166
8;sheXer;ShEx;1000000;180167
9;sheXer;ShEx;1000000;180174
10;sheXer;ShEx;1000000;180132
11;sheXer;ShEx;1000000;180153
12;sheXer;ShEx;1000000;180167
13;sheXer;ShEx;1000000;180155
14;sheXer;ShEx;1000000;180127
15;sheXer;ShEx;1000000;180156
16;sheXer;ShEx;1000000;180158
17;sheXer;ShEx;1000000;180139
18;sheXer;ShEx;1000000;180159
19;sheXer;ShEx;1000000;180153
20;sheXer;ShEx;1000000;180157
21;sheXer;ShEx;1000000;180154
22;sheXer;ShEx;1000000;188807
23;sheXer;ShEx;1000000;180157
24;sheXer;ShEx;1000000;180144
25;sheXer;ShEx;1000000;180152
26;sheXer;ShEx;1000000;180146
27;sheXer;ShEx;1000000;180155
28;sheXer;ShEx;1000000;185850
29;sheXer;ShEx;1000000;180154
30;sheXer;ShEx;1000000;180159
1;sheXer;SHACL;1000000;180154
2;sheXer;SHACL;1000000;183216
3;sheXer;SHACL;1000000;187344
4;sheXer;SHACL;1000000;180116
5;sheXer;SHACL;1000000;180131
6;sheXer;SHACL;1000000;180155
7;sheXer;SHACL;1000000;180123
8;sheXer;SHACL;1000000;180122
9;sheXer;SHACL;1000000;180148
10;sheXer;SHACL;1000000;180153
11;sheXer;SHACL;1000000;180152
12;sheXer;SHACL;1000000;180154
13;sheXer;SHACL;1000000;180185
14;sheXer;SHACL;1000000;180153
15;sheXer;SHACL;1000000;180138
16;sheXer;SHACL;1000000;180154
17;sheXer;SHACL;1000000;180162
18;sheXer;SHACL;1000000;180161
19;sheXer;SHACL;1000000;180198
20;sheXer;SHACL;1000000;187246
21;sheXer;SHACL;1000000;186611
22;sheXer;SHACL;1000000;187791
23;sheXer;SHACL;1000000;180134
24;sheXer;SHACL;1000000;180144
25;sheXer;SHACL;1000000;180155
26;sheXer;SHACL;1000000;180149
27;sheXer;SHACL;1000000;180172
28;sheXer;SHACL;1000000;185764
29;sheXer;SHACL;1000000;180154
30;sheXer;SHACL;1000000;180147
1;RML2SHACL;SHACL;1000;388
2;RML2SHACL;SHACL;1000;271
3;RML2SHACL;SHACL;1000;284
4;RML2SHACL;SHACL;1000;269
5;RML2SHACL;SHACL;1000;267
6;RML2SHACL;SHACL;1000;311
7;RML2SHACL;SHACL;1000;286
8;RML2SHACL;SHACL;1000;278
9;RML2SHACL;SHACL;1000;278
10;RML2SHACL;SHACL;1000;351
11;RML2SHACL;SHACL;1000;345
12;RML2SHACL;SHACL;1000;284
13;RML2SHACL;SHACL;1000;314
14;RML2SHACL;SHACL;1000;282
15;RML2SHACL;SHACL;1000;281
16;RML2SHACL;SHACL;1000;271
17;RML2SHACL;SHACL;1000;283
18;RML2SHACL;SHACL;1000;266
19;RML2SHACL;SHACL;1000;267
20;RML2SHACL;SHACL;1000;282
21;RML2SHACL;SHACL;1000;291
22;RML2SHACL;SHACL;1000;269
23;RML2SHACL;SHACL;1000;264
24;RML2SHACL;SHACL;1000;273
25;RML2SHACL;SHACL;1000;280
26;RML2SHACL;SHACL;1000;287
27;RML2SHACL;SHACL;1000;287
28;RML2SHACL;SHACL;1000;285
29;RML2SHACL;SHACL;1000;308
30;RML2SHACL;SHACL;1000;279
1;RML2SHACL;SHACL;10000;295
2;RML2SHACL;SHACL;10000;283
3;RML2SHACL;SHACL;10000;273
4;RML2SHACL;SHACL;10000;265
5;RML2SHACL;SHACL;10000;278
6;RML2SHACL;SHACL;10000;304
7;RML2SHACL;SHACL;10000;277
8;RML2SHACL;SHACL;10000;280
9;RML2SHACL;SHACL;10000;285
10;RML2SHACL;SHACL;10000;282
11;RML2SHACL;SHACL;10000;274
12;RML2SHACL;SHACL;10000;275
13;RML2SHACL;SHACL;10000;274
14;RML2SHACL;SHACL;10000;296
15;RML2SHACL;SHACL;10000;268
16;RML2SHACL;SHACL;10000;282
17;RML2SHACL;SHACL;10000;276
18;RML2SHACL;SHACL;10000;276
19;RML2SHACL;SHACL;10000;283
20;RML2SHACL;SHACL;10000;264
21;RML2SHACL;SHACL;10000;275
22;RML2SHACL;SHACL;10000;283
23;RML2SHACL;SHACL;10000;278
24;RML2SHACL;SHACL;10000;288
25;RML2SHACL;SHACL;10000;289
26;RML2SHACL;SHACL;10000;278
27;RML2SHACL;SHACL;10000;280
28;RML2SHACL;SHACL;10000;270
29;RML2SHACL;SHACL;10000;290
30;RML2SHACL;SHACL;10000;272
1;RML2SHACL;SHACL;100000;296
2;RML2SHACL;SHACL;100000;278
3;RML2SHACL;SHACL;100000;263
4;RML2SHACL;SHACL;100000;270
5;RML2SHACL;SHACL;100000;264
6;RML2SHACL;SHACL;100000;259
7;RML2SHACL;SHACL;100000;279
8;RML2SHACL;SHACL;100000;326
9;RML2SHACL;SHACL;100000;392
10;RML2SHACL;SHACL;100000;336
11;RML2SHACL;SHACL;100000;272
12;RML2SHACL;SHACL;100000;273
13;RML2SHACL;SHACL;100000;319
14;RML2SHACL;SHACL;100000;267
15;RML2SHACL;SHACL;100000;253
16;RML2SHACL;SHACL;100000;273
17;RML2SHACL;SHACL;100000;285
18;RML2SHACL;SHACL;100000;266
19;RML2SHACL;SHACL;100000;270
20;RML2SHACL;SHACL;100000;260
21;RML2SHACL;SHACL;100000;274
22;RML2SHACL;SHACL;100000;265
23;RML2SHACL;SHACL;100000;263
24;RML2SHACL;SHACL;100000;266
25;RML2SHACL;SHACL;100000;277
26;RML2SHACL;SHACL;100000;258
27;RML2SHACL;SHACL;100000;268
28;RML2SHACL;SHACL;100000;255
29;RML2SHACL;SHACL;100000;270
30;RML2SHACL;SHACL;100000;268
1;RML2SHACL;SHACL;1000000;309
2;RML2SHACL;SHACL;1000000;297
3;RML2SHACL;SHACL;1000000;270
4;RML2SHACL;SHACL;1000000;275
5;RML2SHACL;SHACL;1000000;263
6;RML2SHACL;SHACL;1000000;259
7;RML2SHACL;SHACL;1000000;269
8;RML2SHACL;SHACL;1000000;268
9;RML2SHACL;SHACL;1000000;267
10;RML2SHACL;SHACL;1000000;269
11;RML2SHACL;SHACL;1000000;266
12;RML2SHACL;SHACL;1000000;266
13;RML2SHACL;SHACL;1000000;274
14;RML2SHACL;SHACL;1000000;267
15;RML2SHACL;SHACL;1000000;269
16;RML2SHACL;SHACL;1000000;264
17;RML2SHACL;SHACL;1000000;262
18;RML2SHACL;SHACL;1000000;256
19;RML2SHACL;SHACL;1000000;264
20;RML2SHACL;SHACL;1000000;253
21;RML2SHACL;SHACL;1000000;288
22;RML2SHACL;SHACL;1000000;260
23;RML2SHACL;SHACL;1000000;263
24;RML2SHACL;SHACL;1000000;262
25;RML2SHACL;SHACL;1000000;266
26;RML2SHACL;SHACL;1000000;254
27;RML2SHACL;SHACL;1000000;272
28;RML2SHACL;SHACL;1000000;265
29;RML2SHACL;SHACL;1000000;267
30;RML2SHACL;SHACL;1000000;272
1;ShExML;ShEx;1000;2505
2;ShExML;ShEx;1000;1822
3;ShExML;ShEx;1000;1873
4;ShExML;ShEx;1000;1852
5;ShExML;ShEx;1000;1846
6;ShExML;ShEx;1000;1899
7;ShExML;ShEx;1000;1783
8;ShExML;ShEx;1000;1904
9;ShExML;ShEx;1000;1858
10;ShExML;ShEx;1000;1834
11;ShExML;ShEx;1000;1840
12;ShExML;ShEx;1000;1824
13;ShExML;ShEx;1000;1828
14;ShExML;ShEx;1000;1840
15;ShExML;ShEx;1000;1762
16;ShExML;ShEx;1000;1817
17;ShExML;ShEx;1000;1792
18;ShExML;ShEx;1000;1829
19;ShExML;ShEx;1000;1886
20;ShExML;ShEx;1000;1833
21;ShExML;ShEx;1000;1815
22;ShExML;ShEx;1000;1742
23;ShExML;ShEx;1000;1891
24;ShExML;ShEx;1000;1755
25;ShExML;ShEx;1000;1783
26;ShExML;ShEx;1000;1861
27;ShExML;ShEx;1000;1838
28;ShExML;ShEx;1000;1859
29;ShExML;ShEx;1000;1834
30;ShExML;ShEx;1000;1797
1;ShExML;SHACL;1000;1826
2;ShExML;SHACL;1000;1896
3;ShExML;SHACL;1000;1895
4;ShExML;SHACL;1000;1892
5;ShExML;SHACL;1000;1971
6;ShExML;SHACL;1000;1909
7;ShExML;SHACL;1000;1926
8;ShExML;SHACL;1000;1868
9;ShExML;SHACL;1000;1892
10;ShExML;SHACL;1000;1878
11;ShExML;SHACL;1000;1816
12;ShExML;SHACL;1000;1919
13;ShExML;SHACL;1000;1934
14;ShExML;SHACL;1000;1922
15;ShExML;SHACL;1000;1921
16;ShExML;SHACL;1000;1947
17;ShExML;SHACL;1000;1939
18;ShExML;SHACL;1000;1863
19;ShExML;SHACL;1000;1863
20;ShExML;SHACL;1000;1888
21;ShExML;SHACL;1000;1944
22;ShExML;SHACL;1000;1972
23;ShExML;SHACL;1000;1912
24;ShExML;SHACL;1000;1915
25;ShExML;SHACL;1000;1925
26;ShExML;SHACL;1000;1867
27;ShExML;SHACL;1000;1863
28;ShExML;SHACL;1000;1878
29;ShExML;SHACL;1000;1928
30;ShExML;SHACL;1000;1859
1;ShExML;ShEx;10000;3251
2;ShExML;ShEx;10000;3177
3;ShExML;ShEx;10000;3115
4;ShExML;ShEx;10000;3201
5;ShExML;ShEx;10000;3138
6;ShExML;ShEx;10000;3246
7;ShExML;ShEx;10000;3326
8;ShExML;ShEx;10000;3214
9;ShExML;ShEx;10000;3178
10;ShExML;ShEx;10000;3079
11;ShExML;ShEx;10000;3110
12;ShExML;ShEx;10000;3214
13;ShExML;ShEx;10000;3116
14;ShExML;ShEx;10000;3113
15;ShExML;ShEx;10000;3160
16;ShExML;ShEx;10000;3132
17;ShExML;ShEx;10000;3164
18;ShExML;ShEx;10000;3098
19;ShExML;ShEx;10000;3237
20;ShExML;ShEx;10000;3134
21;ShExML;ShEx;10000;3278
22;ShExML;ShEx;10000;3193
23;ShExML;ShEx;10000;3274
24;ShExML;ShEx;10000;3269
25;ShExML;ShEx;10000;3351
26;ShExML;ShEx;10000;3333
27;ShExML;ShEx;10000;3251
28;ShExML;ShEx;10000;3283
29;ShExML;ShEx;10000;3265
30;ShExML;ShEx;10000;3310
1;ShExML;SHACL;10000;3257
2;ShExML;SHACL;10000;3276
3;ShExML;SHACL;10000;3265
4;ShExML;SHACL;10000;3139
5;ShExML;SHACL;10000;3331
6;ShExML;SHACL;10000;3251
7;ShExML;SHACL;10000;3145
8;ShExML;SHACL;10000;3251
9;ShExML;SHACL;10000;3218
10;ShExML;SHACL;10000;3157
11;ShExML;SHACL;10000;3256
12;ShExML;SHACL;10000;3185
13;ShExML;SHACL;10000;3248
14;ShExML;SHACL;10000;3298
15;ShExML;SHACL;10000;3322
16;ShExML;SHACL;10000;3192
17;ShExML;SHACL;10000;3230
18;ShExML;SHACL;10000;3319
19;ShExML;SHACL;10000;3285
20;ShExML;SHACL;10000;3264
21;ShExML;SHACL;10000;3218
22;ShExML;SHACL;10000;3322
23;ShExML;SHACL;10000;3454
24;ShExML;SHACL;10000;3431
25;ShExML;SHACL;10000;3264
26;ShExML;SHACL;10000;3335
27;ShExML;SHACL;10000;3325
28;ShExML;SHACL;10000;3327
29;ShExML;SHACL;10000;3477
30;ShExML;SHACL;10000;3375
1;ShExML;ShEx;100000;8721
2;ShExML;ShEx;100000;8593
3;ShExML;ShEx;100000;8565
4;ShExML;ShEx;100000;8658
5;ShExML;ShEx;100000;8784
6;ShExML;ShEx;100000;8530
7;ShExML;ShEx;100000;8529
8;ShExML;ShEx;100000;8498
9;ShExML;ShEx;100000;8241
10;ShExML;ShEx;100000;8440
11;ShExML;ShEx;100000;8014
12;ShExML;ShEx;100000;8714
13;ShExML;ShEx;100000;8372
14;ShExML;ShEx;100000;8597
15;ShExML;ShEx;100000;8552
16;ShExML;ShEx;100000;8459
17;ShExML;ShEx;100000;8599
18;ShExML;ShEx;100000;8227
19;ShExML;ShEx;100000;9058
20;ShExML;ShEx;100000;8946
21;ShExML;ShEx;100000;9692
22;ShExML;ShEx;100000;8880
23;ShExML;ShEx;100000;8415
24;ShExML;ShEx;100000;9583
25;ShExML;ShEx;100000;8048
26;ShExML;ShEx;100000;8387
27;ShExML;ShEx;100000;8057
28;ShExML;ShEx;100000;8431
29;ShExML;ShEx;100000;8472
30;ShExML;ShEx;100000;8964
1;ShExML;SHACL;100000;8974
2;ShExML;SHACL;100000;8634
3;ShExML;SHACL;100000;8574
4;ShExML;SHACL;100000;8635
5;ShExML;SHACL;100000;8713
6;ShExML;SHACL;100000;9716
7;ShExML;SHACL;100000;8992
8;ShExML;SHACL;100000;8979
9;ShExML;SHACL;100000;9514
10;ShExML;SHACL;100000;8643
11;ShExML;SHACL;100000;8921
12;ShExML;SHACL;100000;8634
13;ShExML;SHACL;100000;8008
14;ShExML;SHACL;100000;8278
15;ShExML;SHACL;100000;8552
16;ShExML;SHACL;100000;8287
17;ShExML;SHACL;100000;8793
18;ShExML;SHACL;100000;8558
19;ShExML;SHACL;100000;8439
20;ShExML;SHACL;100000;8422
21;ShExML;SHACL;100000;8941
22;ShExML;SHACL;100000;8949
23;ShExML;SHACL;100000;8219
24;ShExML;SHACL;100000;8744
25;ShExML;SHACL;100000;9004
26;ShExML;SHACL;100000;9170
27;ShExML;SHACL;100000;8610
28;ShExML;SHACL;100000;8240
29;ShExML;SHACL;100000;8809
30;ShExML;SHACL;100000;8618
1;ShExML;ShEx;1000000;68912
2;ShExML;ShEx;1000000;60812
3;ShExML;ShEx;1000000;55230
4;ShExML;ShEx;1000000;62862
5;ShExML;ShEx;1000000;57063
6;ShExML;ShEx;1000000;53687
7;ShExML;ShEx;1000000;59465
8;ShExML;ShEx;1000000;47692
9;ShExML;ShEx;1000000;58938
10;ShExML;ShEx;1000000;51910
11;ShExML;ShEx;1000000;54589
12;ShExML;ShEx;1000000;64679
13;ShExML;ShEx;1000000;123493
14;ShExML;ShEx;1000000;59095
15;ShExML;ShEx;1000000;51721
16;ShExML;ShEx;1000000;59328
17;ShExML;ShEx;1000000;55064
18;ShExML;ShEx;1000000;49167
19;ShExML;ShEx;1000000;52621
20;ShExML;ShEx;1000000;51035
21;ShExML;ShEx;1000000;52400
22;ShExML;ShEx;1000000;59929
23;ShExML;ShEx;1000000;47460
24;ShExML;ShEx;1000000;53864
25;ShExML;ShEx;1000000;49876
26;ShExML;ShEx;1000000;62078
27;ShExML;ShEx;1000000;51016
28;ShExML;ShEx;1000000;63704
29;ShExML;ShEx;1000000;55398
30;ShExML;ShEx;1000000;61709
1;ShExML;SHACL;1000000;54512
2;ShExML;SHACL;1000000;58101
3;ShExML;SHACL;1000000;55448
4;ShExML;SHACL;1000000;53185
5;ShExML;SHACL;1000000;55633
6;ShExML;SHACL;1000000;55530
7;ShExML;SHACL;1000000;63843
8;ShExML;SHACL;1000000;51760
9;ShExML;SHACL;1000000;57047
10;ShExML;SHACL;1000000;60725
11;ShExML;SHACL;1000000;55219
12;ShExML;SHACL;1000000;66091
13;ShExML;SHACL;1000000;62213
14;ShExML;SHACL;1000000;58762
15;ShExML;SHACL;1000000;54297
16;ShExML;SHACL;1000000;58985
17;ShExML;SHACL;1000000;54370
18;ShExML;SHACL;1000000;58384
19;ShExML;SHACL;1000000;52182
20;ShExML;SHACL;1000000;55747
21;ShExML;SHACL;1000000;46501
22;ShExML;SHACL;1000000;50511
23;ShExML;SHACL;1000000;56984
24;ShExML;SHACL;1000000;58669
25;ShExML;SHACL;1000000;51993
26;ShExML;SHACL;1000000;59143
27;ShExML;SHACL;1000000;58411
28;ShExML;SHACL;1000000;49657
29;ShExML;SHACL;1000000;46428
30;ShExML;SHACL;1000000;52105
1;astrea;SHACL;1000;4226
2;astrea;SHACL;1000;1646
3;astrea;SHACL;1000;1559
4;astrea;SHACL;1000;1722
5;astrea;SHACL;1000;1708
6;astrea;SHACL;1000;1695
7;astrea;SHACL;1000;1570
8;astrea;SHACL;1000;1660
9;astrea;SHACL;1000;1620
10;astrea;SHACL;1000;1490
11;astrea;SHACL;1000;1617
12;astrea;SHACL;1000;1496
13;astrea;SHACL;1000;1535
14;astrea;SHACL;1000;1624
15;astrea;SHACL;1000;1721
16;astrea;SHACL;1000;1668
17;astrea;SHACL;1000;1521
18;astrea;SHACL;1000;1522
19;astrea;SHACL;1000;1520
20;astrea;SHACL;1000;1561
21;astrea;SHACL;1000;1528
22;astrea;SHACL;1000;1475
23;astrea;SHACL;1000;1524
24;astrea;SHACL;1000;1540
25;astrea;SHACL;1000;1525
26;astrea;SHACL;1000;1463
27;astrea;SHACL;1000;1545
28;astrea;SHACL;1000;1580
29;astrea;SHACL;1000;1581
30;astrea;SHACL;1000;1547
1;astrea;SHACL;10000;1544
2;astrea;SHACL;10000;1548
3;astrea;SHACL;10000;1530
4;astrea;SHACL;10000;1542
5;astrea;SHACL;10000;1561
6;astrea;SHACL;10000;1469
7;astrea;SHACL;10000;1531
8;astrea;SHACL;10000;1569
9;astrea;SHACL;10000;1568
10;astrea;SHACL;10000;1473
11;astrea;SHACL;10000;1519
12;astrea;SHACL;10000;1524
13;astrea;SHACL;10000;1515
14;astrea;SHACL;10000;1572
15;astrea;SHACL;10000;1481
16;astrea;SHACL;10000;1572
17;astrea;SHACL;10000;1549
18;astrea;SHACL;10000;1512
19;astrea;SHACL;10000;1533
20;astrea;SHACL;10000;1605
21;astrea;SHACL;10000;1541
22;astrea;SHACL;10000;1551
23;astrea;SHACL;10000;1525
24;astrea;SHACL;10000;1535
25;astrea;SHACL;10000;1576
26;astrea;SHACL;10000;1559
27;astrea;SHACL;10000;1581
28;astrea;SHACL;10000;1527
29;astrea;SHACL;10000;1584
30;astrea;SHACL;10000;1589
1;astrea;SHACL;100000;1586
2;astrea;SHACL;100000;1509
3;astrea;SHACL;100000;1447
4;astrea;SHACL;100000;1612
5;astrea;SHACL;100000;1554
6;astrea;SHACL;100000;1608
7;astrea;SHACL;100000;1555
8;astrea;SHACL;100000;1562
9;astrea;SHACL;100000;1595
10;astrea;SHACL;100000;1595
11;astrea;SHACL;100000;1580
12;astrea;SHACL;100000;1620
13;astrea;SHACL;100000;1508
14;astrea;SHACL;100000;1581
15;astrea;SHACL;100000;1558
16;astrea;SHACL;100000;1597
17;astrea;SHACL;100000;1589
18;astrea;SHACL;100000;1564
19;astrea;SHACL;100000;1558
20;astrea;SHACL;100000;1617
21;astrea;SHACL;100000;1563
22;astrea;SHACL;100000;1582
23;astrea;SHACL;100000;1620
24;astrea;SHACL;100000;1521
25;astrea;SHACL;100000;1594
26;astrea;SHACL;100000;1545
27;astrea;SHACL;100000;1569
28;astrea;SHACL;100000;1579
29;astrea;SHACL;100000;1577
30;astrea;SHACL;100000;1537
1;astrea;SHACL;1000000;1578
2;astrea;SHACL;1000000;1552
3;astrea;SHACL;1000000;1579
4;astrea;SHACL;1000000;1537
5;astrea;SHACL;1000000;1562
6;astrea;SHACL;1000000;1566
7;astrea;SHACL;1000000;1548
8;astrea;SHACL;1000000;1554
9;astrea;SHACL;1000000;1547
10;astrea;SHACL;1000000;1515
11;astrea;SHACL;1000000;1563
12;astrea;SHACL;1000000;1507
13;astrea;SHACL;1000000;1527
14;astrea;SHACL;1000000;1529
15;astrea;SHACL;1000000;1526
16;astrea;SHACL;1000000;1520
17;astrea;SHACL;1000000;1546
18;astrea;SHACL;1000000;1515
19;astrea;SHACL;1000000;1558
20;astrea;SHACL;1000000;1557
21;astrea;SHACL;1000000;1493
22;astrea;SHACL;1000000;1529
23;astrea;SHACL;1000000;1528
24;astrea;SHACL;1000000;1562
25;astrea;SHACL;1000000;1535
26;astrea;SHACL;1000000;1578
27;astrea;SHACL;1000000;1548
28;astrea;SHACL;1000000;1559
29;astrea;SHACL;1000000;1615
30;astrea;SHACL;1000000;1552
1;SCOOP;SHACL;1000;1490
2;SCOOP;SHACL;1000;857
3;SCOOP;SHACL;1000;842
4;SCOOP;SHACL;1000;910
5;SCOOP;SHACL;1000;841
6;SCOOP;SHACL;1000;886
7;SCOOP;SHACL;1000;883
8;SCOOP;SHACL;1000;830
9;SCOOP;SHACL;1000;849
10;SCOOP;SHACL;1000;832
11;SCOOP;SHACL;1000;851
12;SCOOP;SHACL;1000;818
13;SCOOP;SHACL;1000;883
14;SCOOP;SHACL;1000;892
15;SCOOP;SHACL;1000;868
16;SCOOP;SHACL;1000;822
17;SCOOP;SHACL;1000;900
18;SCOOP;SHACL;1000;889
19;SCOOP;SHACL;1000;905
20;SCOOP;SHACL;1000;854
21;SCOOP;SHACL;1000;874
22;SCOOP;SHACL;1000;849
23;SCOOP;SHACL;1000;828
24;SCOOP;SHACL;1000;889
25;SCOOP;SHACL;1000;915
26;SCOOP;SHACL;1000;898
27;SCOOP;SHACL;1000;890
28;SCOOP;SHACL;1000;857
29;SCOOP;SHACL;1000;925
30;SCOOP;SHACL;1000;935
1;SCOOP;SHACL;10000;897
2;SCOOP;SHACL;10000;839
3;SCOOP;SHACL;10000;812
4;SCOOP;SHACL;10000;910
5;SCOOP;SHACL;10000;907
6;SCOOP;SHACL;10000;847
7;SCOOP;SHACL;10000;872
8;SCOOP;SHACL;10000;869
9;SCOOP;SHACL;10000;880
10;SCOOP;SHACL;10000;829
11;SCOOP;SHACL;10000;853
12;SCOOP;SHACL;10000;887
13;SCOOP;SHACL;10000;833
14;SCOOP;SHACL;10000;909
15;SCOOP;SHACL;10000;852
16;SCOOP;SHACL;10000;864
17;SCOOP;SHACL;10000;826
18;SCOOP;SHACL;10000;861
19;SCOOP;SHACL;10000;835
20;SCOOP;SHACL;10000;831
21;SCOOP;SHACL;10000;866
22;SCOOP;SHACL;10000;1850
23;SCOOP;SHACL;10000;847
24;SCOOP;SHACL;10000;836
25;SCOOP;SHACL;10000;866
26;SCOOP;SHACL;10000;843
27;SCOOP;SHACL;10000;813
28;SCOOP;SHACL;10000;825
29;SCOOP;SHACL;10000;847
30;SCOOP;SHACL;10000;788
1;SCOOP;SHACL;100000;896
2;SCOOP;SHACL;100000;817
3;SCOOP;SHACL;100000;878
4;SCOOP;SHACL;100000;834
5;SCOOP;SHACL;100000;904
6;SCOOP;SHACL;100000;881
7;SCOOP;SHACL;100000;851
8;SCOOP;SHACL;100000;807
9;SCOOP;SHACL;100000;846
10;SCOOP;SHACL;100000;837
11;SCOOP;SHACL;100000;786
12;SCOOP;SHACL;100000;850
13;SCOOP;SHACL;100000;837
14;SCOOP;SHACL;100000;850
15;SCOOP;SHACL;100000;840
16;SCOOP;SHACL;100000;883
17;SCOOP;SHACL;100000;861
18;SCOOP;SHACL;100000;790
19;SCOOP;SHACL;100000;813
20;SCOOP;SHACL;100000;907
21;SCOOP;SHACL;100000;890
22;SCOOP;SHACL;100000;887
23;SCOOP;SHACL;100000;809
24;SCOOP;SHACL;100000;856
25;SCOOP;SHACL;100000;808
26;SCOOP;SHACL;100000;793
27;SCOOP;SHACL;100000;837
28;SCOOP;SHACL;100000;774
29;SCOOP;SHACL;100000;852
30;SCOOP;SHACL;100000;848
1;SCOOP;SHACL;1000000;833
2;SCOOP;SHACL;1000000;883
3;SCOOP;SHACL;1000000;844
4;SCOOP;SHACL;1000000;854
5;SCOOP;SHACL;1000000;828
6;SCOOP;SHACL;1000000;830
7;SCOOP;SHACL;1000000;822
8;SCOOP;SHACL;1000000;813
9;SCOOP;SHACL;1000000;818
10;SCOOP;SHACL;1000000;833
11;SCOOP;SHACL;1000000;845
12;SCOOP;SHACL;1000000;810
13;SCOOP;SHACL;1000000;798
14;SCOOP;SHACL;1000000;890
15;SCOOP;SHACL;1000000;822
16;SCOOP;SHACL;1000000;886
17;SCOOP;SHACL;1000000;888
18;SCOOP;SHACL;1000000;814
19;SCOOP;SHACL;1000000;896
20;SCOOP;SHACL;1000000;844
21;SCOOP;SHACL;1000000;790
22;SCOOP;SHACL;1000000;850
23;SCOOP;SHACL;1000000;874
24;SCOOP;SHACL;1000000;872
25;SCOOP;SHACL;1000000;855
26;SCOOP;SHACL;1000000;853
27;SCOOP;SHACL;1000000;841
28;SCOOP;SHACL;1000000;835
29;SCOOP;SHACL;1000000;837
30;SCOOP;SHACL;1000000;890
